unscathed,  stipulate,  slapdash,  wont,  retrograde,  propensity,  revel,  override,  sumptuous,  staple,  scintillate,  prodigy,  outgrowth,  propensity,  uncanny,  stipulate,  staggering,  slur,  stipulate,  punurious,  rumination,  skulduggery,  scourge,  tepid,  rail at,  skulduggery,  secular,  undercut,  skittish,  quandary,  unwittingly,  rant,  substantiate,  unwittingly,  unscathed,  rehash
gauge,  officious,  limpid,  glamorous,  obeisance,  manifest,  malinger,  lay out,  ordeal,  inhibited,  lull,  momentous,  halfhearted,  ordeal,  meretricious,  lax,  invective,  malinger,  indigent,  intrinsic,  morose,  numinous,  oblivious,  hedonistic,  meander,  officious,  intelligible,  hunch,  glamorous,  gripe,  oblique,  inveigle
fauxpas,  flaunt,  debacle,  debacle,  dabble,  delimit,  crestfallen,  encomium,  contrive,  flippant,  colossal,  connive,  fauxpas,  fabricate,  dwindle,  craven,  disgruntle,  forebode,  cogent,  cosseted,  exodus,  drollness,  flagged,  drollness,  doldrums,  foil,  derelict,  ebullient,  fastidious,  descry,  estrange,  cosseted,  franchise,  fecund,  gaffe,  fathom
allay,  asseverate,  camouflage,  canned,  begrudging,  analogous,  bogus,  befuddle,  coddle,  chicanery,  calamity,  atrophy,  baroque,  cajole,  besiege,  bespeak,  cagey,  bravado,  archaic,  atrophy,  augur,  besiege,  begrudging,  choleric,  boorish,  bearing,  berate,  aplomb,  blatant,  choleric,  calamity,  blatant,  blunder,  abysmal
virulence,  impervious,  vilify,  invidious,  absorbing,  abet,  evocative,  viaduct,  provocative,  vestige,  vulgar,  virulence,  evince,  devoid,  vestig, track,  welter,  irrevocable,  nonviable,  provocative,  veteran,  reverberant,  disavow,  providential,  evince,  volatile,  avow,  provocative,  impervious,  investigate,  devious,  deviate,  virulence,  divulge,  evince,  divulge,  advocate,  revise,  reverberant
archetypal,  provenance,  invert,  vernacular,  value,  valiant,  ulterior,  vindictive,  verdant,  verified,  disabuse,  divert,  verg,  convection,  van, vain,  vernacular,  umbrage,  vag,  ulterior,  verdant,  verg,  avenge
unobtrusive,  exterminate,  anatomical,  entreat,  timorous,  obtrusive,  contumacious,  retort,  imperturbable,  obtrude,  extort,  entreat,  contrite,  detract,  terrace,  ethereal,  tremor,  ton, tun,  attuned,  antithetical,  attrition,  attribute,  attuned
portend,  instructive,  presumptuous,  impertinent,  insurgent,  abstinent,  extenuate,  assure,  sustenance,  stint,  contagious,  abstain,  untenable,  tangential,  presume,  impertinent,  constrain,  staunch,  distend,  tect
consonant,  dissimulate,  solitude,  insidious,  sinuous,  respite,  suspicion,  sophistication,  prosperous,  sophistry,  respiration,  dissimulate,  speculative
saturated,  aseptic,  rescind,  sanatorium,  proscribe,  rescind,  persecute,  sedative,  conscientious,  sav,  sedulous,  rescind,  assent,  conscience,  sedulous,  servile,  rescind,  sanitize,  sanitary
empyrean,  pud,  regimental,  rote,  queer,  derogatory
malapropism,  deprave,  propagare, extend,  propaganda,  apposite,  posit,  primacy,  implore,  malapropism,  reprove,  pom, pomp, splendor,  approbation,  preponderate,  reproof
pinnacle,  petition,  accomplice,  pinpoint,  repeat,  impetuous,  neophyte,  impersonate,  plac, calm,  phobia,  euphoria,  accomplice
par,  peripatetic,  foreordain,  pedantic,  imperative,  pediatrics,  peripatetic,  ordinance,  patronage,  compatriot,  prepare,  pediatrics,  patronizing,  ordinance,  pedantic,  pedagogic,  peculate,  apparel
exorbitant,  nounc, nunc,  acronym,  odoriferous,  abominate,  opalesent,  pronounced
demote,  mortify,  mutilate,  demoralize,  demote,  mit,  amortize,  munificent,  mirage,  emollient,  mortify,  surmise,  mitigant,  mitigate
memorandum,  martial,  demented,  emanate,  demarcate,  emanate,  preeminent,  menace,  eminence,  man, main,  reminisce,  demented,  mendacity
lips,  lith,  illustrious,  delinquent,  linqu,  unliterary,  lig,  luxur,  unliterary,  lunatic,  luxur,  unliterary,  illusory
imperial,  unilateral,  superlative,  adjourn,  relegate,  electorate,  subjugate,  abject,  jurisdiction
grievance,  ingratiating,  agnostic,  holograph,  ingrate,  graphite,  posthumous,  grievance,  gratify
discomfit,  genetic,  infuse,  garment,  upfront,  defoliate,  defuse,  melliflous,  diffuse,  genial,  ingenuous,  refract,  progeny,  profuse,  upfront,  refractory,  forte
infiltrate,  confiscate,  beneficiary,  maleficent,  beneficent,  fictitious
ethics,  faction,  facility,  default,  falsification,  blasphemy,  ductile,  obdurate,  induce,  peremptory,  efficacious
dolorous,  decorum,  procure,  indemnify,  disdain,  procure,  malediction
inculcate,  crit,  discretion,  discreet,  excruciate,  horticulture,  decrepit,  aristocrat
celerity,  proclaim,  secede,  inception,  clarify
combustible,  occidental
cardiogram,  blockbuster,  cardinal,  carrion,  bid,  scald,  reincarnate,  incendiary
arson,  arbitrate,  aptitude
maneuver
animadvert,  amble, ambul,  demagogue,  preamble,  pedagogic,  perambulate,  pedagogy
servile,  savvy,  prescient,  dissipate,  obsequious,  desolate,  prescription,  disseminate,  dissident,  sedulous
sedative,  subservient,  prescription,  scrut,  dissipate,  insolent,  observant,  obsolescent,  conscientious,  assimilate,  ascendancy,  subside,  insolent,  sist,  saturated,  desolate,  obsequious,  inscription,  disconsolate,  sate,  subscribe,  disseminate,  insolent
