anomalous - adj. 不規則的, 反常的
innocuous - adj. (行為、言論)無害的
specious - adj. 似是而非的；華而不實的
rationale - n. 根本的原因；基本原理
champion - (v)為...而戰；支持；捍衛；(n)鬥士
esoteric - adj. 圈內人才明白的、神秘難懂的
repudiate - v. 否認、拒絕、拋棄
exacerbate - vt. 惡化、加重
orthodox - adj. 正統的、傳統的、習俗的、通常的
obfuscate - v. 使困惑、使迷糊
conjecture - v. 推測、臆測
condemn - v. 譴責
ameliorate - v. 改善, 改進; 減緩（疼痛）
vitiate - v. 削弱、破壞、損害
disparate - a. 不同的；異類的
trepidation - n. 恐懼、惶恐
fastidious - adj. 挑剔的、過分講究的
ostensible - adj. 外表的、假裝的
idiosyncratic - adj. 古怪的；有怪癖的
eclectic - adj. 折衷的、綜合性的
abstrue - adj. 深奧的、難懂的
veritable - (adj)確實的、名副其實的
whimsical - adj. 反復無常的, 古怪的
solicit - v. 請求、懇求、招攬
recondite - adj. 深奧的(隱藏起來不外露)
ingenuous - adj. 純樸的、單純的
elude - v. 逃避、躲避
magnanimous - (adj) 寬大的、有雅量的
transcendent - adj. 超越的、卓越的；超驗的
circumspect - adj. 慎重的、謹慎小心的
extravagant - adj. 奢侈的、揮霍的；誇大的
verbose - adj. 囉嗦的、冗長的
abridge - v. 刪減；縮短
lugubrious - adj. 哀傷的；憂鬱的
substantiate - v. 證實
prodigal - adj. 非常浪費的、揮霍的
reconcile - (v) 和解、調和
excoriate - (v) 痛責、剝(皮)
conformity - n. 一致、遵從、順從
germane - (adj) 有密切關係的、貼切的
nuance - n. 細微差別
condescending - adj. 屈尊的、恩賜的、屈尊的
subside - (v) 下陷、平息；退去
protend - (v)預示、預兆警告
disinterested - adj. 無私的
fathom - n. 噚(水深單位)、理解、了解原因
unfathomable - (a.) 難以理解的,深不可測的
flout - v. 藐視、輕蔑、嘲笑
frugal - (a.) 節儉的,樸素的
parsimonious - adj.吝嗇的、過於儉省的
lethargic - adj. 瞌睡的、愛睡的
spurious - adj. 假的、站不住腳的、欺騙性的
exigent - (adj) 緊急的、要求多的
diffuse - v. 四散、擴散 adj. 雜亂的
compatible - adj. 和諧共處的、相容的
apprehend - (v) 理解；逮捕；恐懼
conscientious - (adj) 盡責的、小心謹慎的
conspicuous - adj. 顯眼的，明顯的
inadvertent - (adj) 不注意的、怠慢的
bouyant - adj. 有浮力的; 看漲的、繁榮的
fickle - adj. 易變的、無常的
loath - adj. 不願意的；不情願的
opprobrium - v. 辱罵
pretentious - (a.) 自命不凡的、矯揉造作的
restive - adj. 不安寧的、焦躁不安的
undercut - v. 削弱；削價競爭、低薪搶工作
embellish - (v) 美化、裝飾
captious - adj. 吹毛求疵的
feckless - adj. 無效的、無能的
mandate - (n) 命令、指令；授權
mendacious - adj. 虛偽的、說謊的
impassioned - adj. 充滿激情的，慷慨激昂的，熱烈的
implacable - adj. 不能安撫的，難和解的
schism - n. 分裂
consensus - n. (意見等) 一致
insipid - adj. 沒味道的、清淡的、乏味的
detached - adj. 分開的,超然的,不受影響的
intimidate - vt. 威嚇;脅迫
evanescent - adj. 逐漸消失的、短暫的
vapid - adj. 無味的、走了味的；乏味的
virtuosity - n. 精湛的技巧、高潮
artful - adj. 巧妙的, 狡猾的；技巧高超的
austere - adj. 嚴厲的、簡樸的
banal - (a.) 平凡的,陳腐的
bland - adj. 無味的、溫和的、和藹的
downplay - v. 將...輕描淡寫
embody - v. 具體實現、體現
fabricate - v. 偽造；杜撰
formidable - adj. 令人敬畏的, 可怕的
lament - v. 抱怨、哀悼、悲嘆
indulgent - adj. 縱容的；溺愛的
oblivious - adj. 未察覺的、健忘的
provincial - a. 省的；偏狹的
quixotic - adj. 不切實際的、空想的
stymie - n. 阻礙、妨礙
unctuous - adj. 假殷勤的、滑腔油調的
elicit - v. 引出、誘出
conciliatory - adj. 撫慰的, 調和的
aristocrat - n. 貴族
discrepancy - v. 不同、矛盾
discrete - (adj) 個別的、不連續的
discretion - (n) 謹慎、斟酌
condone - v. 原諒、寬恕
aberrant - a. 越軌的；異常的；偏差的
efficacious - a. 有效的；靈驗的
fidelity - n. 忠實；忠誠
profligate - adj. 非常浪費的
discomfit - v. 使窘迫、使尷尬
haphazard - adj. 無計畫的、任意的、偶然的
imperative - (adj) 必要的、緊急的、極重要的
proliferate - (v) 繁殖、激增
luxuriant - (adj) 繁茂的、肥沃的
amorphous - adj. 無定形的、不清楚的、無組織的
demur - (v) 表示異議、反對
negate - v. 取消、否認
pejorative - adj. 貶抑的、輕蔑的
deprecate - (v) 不贊同、反對；輕視
ascendancy - n. 優勢的、統治權、支配力量
proscribe - (v) 禁止、剝奪..的公權、放逐
obsequious - adj. 逢迎的、諂媚的
obsolete - adj. 廢棄的、淘汰的、過時的
constant - adj. 固定的、不變的、持續很久的
obstinate - (adj) 固執的、倔強的；難以改變的
presumptuous - (adj) 專橫的、自以為是的
pertain - n. 屬於、關於
temporal - (adj) 時間的、世俗的
epitome - n. 典型、摘要
treacherous - adj. 危險的、背叛的、不可靠的
vindicate - v. 為...平反、證明...正確
abet - v. 教唆、唆使、煽動
antidote - n. 矯正方法；解毒劑
debunk - vt. 揭穿, 拆穿假面具
feign - v. 假裝
forage - v./n. 糧草、搜尋、掠奪
futile - adj. 無益的、無用的
mercurial - adj. 反覆無常的
override - v. 否決、不顧、使無效
plaintive - adj. 悲傷的、哀傷的
redeem - v. 贖回
savor - v. 細細品嚐 n. 風味
scruple - n. 謹慎小心、顧忌猶豫
tedious - adj. 冗長乏味的; 使人厭煩的
unanimous - adj. 全體一致的
abate - (v) 減輕、減少
hyperbole - n. 誇張(法)
cavalier - n. 騎士、武士 adj. 滿不在乎的；目空一切的
supercilious - adj. 目中無人的、高傲的
precipitate - v. 降水、加速 adj. 魯莽的
clairvoyance - n. 超人的洞察力；先見之明
irreconcilable - (adj) 不能調和的、矛盾的
discursive - adj. 散漫的、無層次的、東拉西扯的
subdue - v. 征服、壓制、減輕
erratic - adj. 飄忽不定的；反覆無常的，古怪的
prolix - adj. 囉嗦的、冗長的
communal - adj. 全體共有的、共享的
exonerate - v. 免除責任、宣布無罪
synoptic - adj. 概要的
parody - n. 模仿性嘲弄文章或表演；拙劣的模仿
peripatetic - adj. 到處走的、流動的
dispel - v. 驅散、消除
euphoria - n. 心情愉快、興奮
placid - adj. 安靜的、平和的
platitude - n. 平凡、陳腔濫調
proprietary - adj. 私有的
repugnant - adj. 對立的；厭惡的、反感的
acquiescence - n. 默許、默認
riveting - aj. 有吸引力的、引人入勝的
surrogate - n. 代替品、代理人
sacrosanct - adj. 神聖不可侵犯的
dissipate - v. 使驅散、浪費
somnolent - adj. 想睡的、催眠的
soporific - adj./n. 令人想睡的
speculative - adj. 投機的、思索的、推測的
aspersion - n. 誹謗、中傷
abstain - v. 禁絕，放棄
tenacious - adj. 堅持的、頑強的、固執的
intransigent - adj. 不妥協的、不讓步的
vacuous - adj. 發呆的、愚笨的；空洞的；空虛的
veracious - adj. 誠實的、真實的
verisimilitude - n. 逼真
avert - v. 避免、防止、避開
disseminate - v. 散布、傳播
albeit - adv. 儘管
ascetic - adj. 禁慾主義者、苦行者
berate - v. 痛罵、訓斥
coerce - vt. 強制, 強迫
cogent - adj. 令人信服的、有說服力的
dabble - v. 涉獵；淺嘗
decimate - v. 大量毀壞
defy - v. 反抗、藐視、違抗
encomium - n. 誇獎、讚揚
espouse - v. 支持、擁護
fleeting - adj. 短暫的；飛逝的
fortuitous - adj. 偶然的；幸運的
latent - adj. 潛伏的、潛在的
parochial - adj. 狹隘的、地方性的
rarified - adj. 只有一小群人知道的、稀薄的
scathing - adj. 刻薄的、嚴厲的
snobbery - n. 勢利
spurn - v. 屏棄、藐視
substantial - adj. 大量的、實在的
tyranny - n. 暴政、專利
universality - n. 普遍性
wane - v. 虧缺、摔落、消失
agitated - adj. 激動的、不安的
peregrinate - n. 遊歷、旅行
amiable - adj. 親切的、和藹的
animadvert - v. 批評、非難
antiquated - adj. 過時的、陳舊的、老式的
banish - vt. 驅逐、放逐；驅逐出境
base - n. 基礎; adj. 卑賤的、低劣的
bombastic - adj. 誇誇其談的
recalcitrant - adj. 頑抗的、難以控制的
incessant - adj. 不停地、連續的、連續不斷的
susceptible - adj. 易受影響的、易被感動的
exorcise - v. 驅魔；去除(壞念頭等)
insouciance - n. 無憂無慮、不注意、不在乎
autocracy - n. 獨裁政府
indiscriminate - adj. 不加區別的、無差別的、不分皂白的
incubate - v. 孵卵、孵化
covet - v. 貪求、覬覦
decorum - n. 端莊、彬彬有禮、合宜
obdurate - adj. 固執的、頑固的；頑抗的、抵抗的
inert - adj. 惰性的、行動遲鈍的
quintessential - adj. 精髓的、典型的
pitfall - n. 陷阱、圈套
forfeit - v. 喪失、被罰沒收；作廢
infelicitous - adj. 不幸的、不適當的
diffident - adj. 缺乏自信的、懦怯的、羞怯的
figurative - adj. 比喻的、象徵的
flamboyant - adj. 艷麗的、炫耀的
fractious - adj. (脾氣)易怒的、好爭吵的
refractory - adj. 難醫治的、倔強的、反應遲鈍的
fraudulent - adj. 欺騙的、不誠實的
effrontery - n. 厚顏無恥、魯莽
fulminate - v. 大聲斥責
effusive - adj. 熱情的、感情洋溢的
infuse - v. 灌輸；注入
generic - adj. 通稱的、種類的
ingrain - v. 使根深蒂固
aggravate - v. 加重、惡化
coherent - adj. 一致的、協調的；連貫的；邏輯通順的
hortative - adj. 勸告的、獎勵的
disjunctive - adj. 分離的、相反的
abjure - v. 發誓放棄;棄絕
allegiance - n. 忠誠、忠貞
apologist - n. 辯護者、護教論者
ludicrous - adj. 滑稽的、荒唐可笑的
malevolent - adj. 有惡意的、惡毒的
premeditate - v. 預先考慮、預謀
commensurate - adj. 同樣大小的、相稱的
mire - n. 泥淖、污泥 v. 使陷入困境
mordant - adj. 諷刺的、尖酸的
negligent - adj. 疏忽的、粗心的
negligible - adj. 可以忽略的、微不足道的
denigrate - v. 污衊、誹謗
pernicious - adj. 有害的；致命的
annihilate - v. 殲滅、消滅、徹底擊潰、毀滅
ominous - adj. 兇兆的、不祥的
opulent - adj. 豐饒的、華麗的、奢侈的
inexorable - adj. 不為所動的、堅決不變的
compendium - n. 簡要、概略
pensive - adj. 沉思的、愁眉苦臉的
placate - v. 撫慰、平息；緩和；妥協讓步
subordinate - adj. 次要的、下級的
v. 使服從、使列入下級
supplant - v. 排擠，取代
compliance - n. 順從、遵從
extrapolate - v. 推斷
ponderous - adj. 笨重的、笨拙的
purport - v. 聲稱 n. 意旨
potent - adj. 強而有力的、有影響力的
probity - n. 誠實、廉潔
apropos - adj. 適當的、切題的、中肯的
appropriate - v. 挪用、盜用
propriety - n. 禮節、適當
impugn - v. 指責、對..表示懷疑
compunction - n. 懊悔、良心不安
punctilious - adj. 精密細心的、一絲不苟的
eradicate - v. 根除、撲滅
rapacious - adj. 強奪的、貪婪的
rectitude - n. 正直、公正
resurrect - v. 使復活、使復甦
surreptitious - adj. 秘密的、偷偷摸摸地、鬼鬼祟祟的
prerogative - n. 特權
sanctimonious - adj. 假裝虔誠的、假裝聖潔的
sanction - n. 認可、批准、國際制裁
insatiable - adj. 不知足的,貪求無厭的
inscrutable - adj. 高深莫測的、神秘的
bisect - v. 把...一分為二、二等分某物
dissemble - v. 掩飾、假裝
insidious - adj. 隱藏詭計的
assimilate - v. 同化、吸收、消化
auspicious - adj. 吉兆的、吉利的
respect - n. 敬重、尊敬、關於、涉及
retrospective - adj. 回顧的，追溯的
desperate - adj. 絕望的；不顧一切的；鋌而走險的
circumstantial - adj. 與情況有關的、依情況而定的；詳盡的
stalwart - adj. 堅決的；健壯的
stilted - adj. 呆板的、生硬的、不自然的
instigate - v. 發起、煽動
construe - v. 解釋、理解為
strip - v. 剝去、剝光
constrain - v. 強迫、迫使
countenance - n. 面部表情、面容、贊成、支持
impertinent - adj. 粗魯無禮的、不切題的、不中肯的
intemperance - n. 放縱、不節制
contemplate - v. 沈思、凝視
attenuate - v. 變薄、變弱
tenuous - adj. 稀薄的、空洞的
interminable - adj. 無止盡的
deterrent - adj. 威攝的、遏制的
detract - v. 貶低、誹謗
retract - v. 縮回、收回；撤回；撤退
intrepid - adj. 無畏的、剛毅的
trenchant - adj. (言詞)犀利的、鋒利的
obtrude - v. 突出、強加
tumultuous - adj. 騷亂的、亂哄哄的、喧嘩的
conundrum - n. 難題、複雜問題
contravene - v. 違背(法規、習俗)
vengeance - n. 報仇，報復
convergent - adj. 匯聚的
conversant - adj. 熟悉的、精通的
overt - adj. 明顯的、公然的
devious - adj. 狡猾的、不正直的、彎曲的
evince - v. 表明、顯示出
vigilant - adj. 機警的、警惕的
invigorate - v. 賦予精神、鼓舞
gullible - adj. 易受騙的
vilify - vt. 誹謗, 辱罵
provisional - adj. 臨時的、暫時性的
revitalize - v. 使恢復生氣,使復活,使復興
devoid - adj. 缺乏的、沒有的
disavow - n. 否認、推翻
absurd - adj. 不合理的、荒謬的
acquisitive - adj. 貪得無厭的；渴望的
adamant - adj. 堅決的、固執的
ancillary - adj. 補助的、輔助的
assuage - v. 緩和、減輕
augur - v. 預言、預測
badger - v. (不停的)騷擾
baffle - v. 使困惑、阻撓
banter - v. 揶揄、嘲弄
bereft - adj. 失去...的
blatant - adj. 喧鬧的、顯眼的、炫耀的
blight - v. 毀掉、破壞、使枯萎 n. 枯萎
bogus - adj. 假冒的、偽造的
braggart - n. 吹牛者 adj. 吹牛的
buttress - n. 支持、加強
cagey - adj. 謹慎的、機敏的
calumny - n. 惡意毀謗、中傷
categorical - adj. 絕對的、至上的
comity - n. 禮讓
connive - vi. 默許；縱容；串通的
contrive - v. 設計、圖謀
detest - v. 厭惡、痛恨
enfetter - v. 束縛；上腳鐐
entice - v. 引誘
exiguous - adj. 非常少的
exude - v. 散發、流露
galvanize - v. 刺激、激勵、促使、鍍鋅
gauge - n. 測量、標準寬度、標準厚度
gripe - v. 抱怨
harangue - n. 慷慨激昂地演講、滔滔不絕地教訓
imperil - v. 使陷於危險、危及
inchoate - adj. 剛開始的、起初的、未完的
incisive - adj. 深刻的；尖銳的；清楚的
industrious - adj. 勤奮的、勤勞的
inquisitive - adj. 好奇的、愛鑽研的
lavish - adj. 大方的、慷慨給予的
lax - adj. 鬆散的、不嚴格的
lay out - v. 花錢
lethal - adj. 致命的、危險的
list - v. 傾斜
lopsided - adj. 傾向一邊的、不平衡的；一面倒的
malleable - adj. 可塑的、展延的
nepotism - n. 用人唯親、裙帶關係
oblique - adj. 傾斜的、間接的、不坦率的
overarching - adj. 包含所有的、支配一切的
overbearing - adj. 專橫的、好指使人的、傲慢的；至關重要的
palliative - adj. 緩和的、治標不治本的
philistine - n. 庸俗的人；不懂藝術的人、沒有教養的人
phlegmatic - adj. 冷靜的、沉著的
presage - v. 預言
propensity - n. 傾向、習性
querulous - adj. 愛發牢騷的、愛抱怨的
rebuke - v. 斥責、指責
rebut - v. 駁斥、反駁
rehash - v. 老調重彈；換湯不換藥
schematic - adj. 概要的；圖解的
serendipitous - adj. 意外發現的
somatic - adj. 身體的、軀體的
sordid - adj. 骯髒的、污穢的
sterling - adj. 優秀的、出色的、高尚的
stratification - n. 分層、階層
temerity - n. 魯莽、冒失、不自量力
uncanny - adj. 奇異的、怪異的、難懂的
unseemly - adj. 不得體的
wary - adj. 謹慎的
analgesic - n. 鎮痛劑 adj. 止痛的
pusillanimous - adj. 膽小的
adept - adj. 熟練的、內行的
artifice - n. 奸計、詭計
lambaste - v. 痛打、痛罵
bellicose - adj. 好戰的、好鬥的
belligerent - adj. 發動戰爭的；好鬥的，好挑釁的
rebellious - adj. 反抗的、難控制的
forbidding - adj. 可怕的(外貌)
nonchalant - adj. 無憂無慮的、漠不關心的
capitulate - v. (有條件)投降
encapsulate - v. 裝入膠囊、概括、摘要
caustic - adj. 腐蝕性的，刻薄的
chivalrous - adj. 騎士精神的；對女人彬彬有禮的
chastise - v. 懲罰、譴責
succinct - adj. 簡明的、簡潔的
precocious - adj. 早熟的、早成的
accolade - n. 推崇、讚揚
abscond - v. 潛逃，逃亡
concord - n. 一致、協調、(國際的)和睦
cordial - adj. 熱忱的、衷心的
copious - adj. 豐富的、多產的
accretion - n. 增加
discredit - v. 使丟臉、敗壞..的名聲；使失去信譽
exculpate - v. 開脫、申明無罪
concur - v. 意見相同、一致
decorous - adj. 合宜的、高雅的
dilemma - n. 困境、兩難
deduct - v. 減除，扣除
seductive - adj. 誘惑的、引人注意的、有魅力的
equanimity - n. 鎮定、沉著
defamatory - adj. 破壞名譽的、誹謗的
facility - n. 才能、資質、容易做好事情的能力
malfeasance - n. 不法行為、瀆職
counterfeit - n./adj. 偽造，仿造
surfeit - n. 過量、過度
felicitous - adj. (話語)得體的、適當的
fictitious - adj. 假的、虛構的
ramification - n. 後果、影響
ingratiate - v. 使得到...歡心、迎合
deflect - v. 使偏斜、使轉向、避開
fugitive - n. 短暫的、逃犯
egregious - adj. (缺點)過分的、驚人的
gregarious - adj. 群居的、愛社交的
adherent - n. 擁護者，信徒
heretical - adj. 異教的、異端的
hortatory - adj. 勸告的、忠告的
imperious - adj. 傲慢的、專橫的
dilute - v. 弄稀、弄淡
levity - n. 輕率、輕浮
circumlocution - n. 迂迴累贅的陳述
circumlocutory - adj. 委婉曲折的
lurid - adj. 可怕的、恐怖的、火紅的
malign - adj. 惡意的 v. 誹謗
emanate - v. 散發、發出
demanding - adj. 嚴格的、要求高的
mediate - n. 調停解決
demeanor - n. 舉動、行為、風度
menace - v./n. 威脅 、恐嚇
amend - v. 修訂、修正
emend - v. 校訂、修改
mentor - n. 導師
eminent - adj. 出眾的、卓越的、著名的
demise - n. 死亡、財產轉讓
amnesty - n. 大赦、特赦
mollify - v. 緩和、減輕、使安靜
moralistic - adj. 說教的、教訓的
moribund - adj. 即將結束的、垂死的
paramount - adj. 至高無上的、最重要的、主要的
surmount - v. 克服；戰勝
munificent - adj. 寬宏的、慷慨的
immutable - adj. 不變的
nascent - adj. 初生的、萌芽的
enervate - v. 使失去活力、使衰弱
annex - v. 兼併、附加
noxious - adj. 有害的、有毒的
obnoxious - adj. 令人不愉快的；可憎的
annotate - v. 註解
pronounced - adj. 明確的、明顯的
malodorous - adj. 惡臭的
onerous - adj. 繁重的、麻煩的
ornate - adj. 裝飾華麗的、過分修飾的
palpable - adj. 可觸知的、可摸到的、極其明瞭的
imperious - adj. 跋扈的、專橫的
impart - v. 分給、給予、傳授、傳達
compassionate - adj. 有同情心的
impassive - adj. 不露情感的、無動於衷的、冷漠的
pathological - adj. 病理上的、病態的
impecunious - adj. 一文不名的、貧困的
pecuniary - adj. 金錢的、錢財方面的
pedantic - adj. 賣弄學問的；學究的；迂腐的
penitential - adj. 後悔的、懺悔的
impending - adj. 即將發生的、逼近的
pending - adj. 未定的、待定的
petulant - adj. 暴躁的、壞脾氣的
propitious - adj. 有利的
sycophant - n. 拍馬屁者
pious - adj. 虔誠的、盡責的
pompous - adj. 浮華的、愛炫耀的
juxtapose - v. 並排，並置
predisposition - n. 傾向、素質
omnipotent - adj. 全能的、萬能的
pressing - adj. 緊迫的、迫切的
priority - n. 優先權
propaganda - n. 政治宣傳
repulse - v. 擊退、驅逐、使厭惡、使產生反感
quirky - adj. 離奇的、古怪的
reticent - adj. 無言的、沈默的
regime - n. 政權、政治制度
deride - v. 嘲笑；嘲弄
ridicule - v./n. 奚落、嘲笑
derogatory - adj. 貶損的、不敬的
shrug - v. 聳肩
disrupt - v. 使分裂，使瓦解
salubrious - adj. 有益健康的、清爽的
omniscient - adj. 無所不知的，博識的
assent - v./n. 同意、贊成
observant - adj. 注意的、當心的；嚴格遵守（宗教教條）的
assiduous - adj. 勤勉的、專心的
solitary - adj. 單獨的、獨自的
resonant - adj. 洪亮的、共鳴的
despicable - adj. 可鄙的、卑劣的
perspicuous - adj. 明晰的、明瞭的
apostasy - n. 背教、脫黨、變節
ecstatic - adj. 狂喜的、心花怒放的
misconstrue - v. 曲解、誤解
contingent - adj. 依情況而定的 
n. 意外事故、偶然事件
extemporize - v. 即興演說；即興表演
anatomical - adj. 解剖的、解剖學的
tortuous - adj. 迂迴曲折的
detour - n. 繞道、繞行的路
diatribe - n. 抨擊
contumacious - adj. 違抗的、不服從的
mitigate - v. 使緩和、減輕
sanguine - adj. 自信樂觀的
meticulous - adj. 小心翼翼的、一絲不苟的
undermine - v. 削弱
forestall - v. 先發制人、預先阻止
paucity - n. 少數、缺乏
confound - v. 使混亂、使困惑、證明為偽
enigma - n. 難以理解的事物、謎
opaque - adj. 不透明的、難懂的
belie - v. 掩蓋、與...不一致、證明為偽
pragmatic - adj. 務實的
thwart - v. 阻撓、阻礙
superfluous - adj. 多餘的、累贅的
capricious - adj. 變化無常的，任性的
eschew - v. 避開
sporadic - adj. 偶爾發生的、零星的
taciturn - adj. 沈默的
discern - v. (費力地)識別、看出
preclude - v. 避免、排除
cynical - adj. 憤世忌俗的、自私的
perfunctory - adj. 草率的、敷衍的
apathetic - adj. 無感情的
contentious - adj. 有爭議的；好辯的
mundane - adj. 平凡的、乏味的
panacea - n. 萬靈藥
polemical - adj. 爭論的、辯論的；引起爭論的
imperturbable - adj. 沉著的、冷靜的
prevalent - adj. 普遍的、盛行的
variability - n. 變化性
provenance - n. (藝術)出處、起源
vernacular - n. 白話、口語
incontrovertible - adj. 無疑的、明白的
divert - v. 使事物轉向；轉移注意力(至有趣的事)
reversible - adj. 可逆的、可反轉的
revert - v. 恢復、回復到、重新考慮
vestige - n. 痕跡，遺跡，殘餘
deviate - v. 越軌、脫離
impervious - adj. 不受影響的、無動於衷的
vigorous - adj. 精力旺盛的、健壯的
guile - n. 欺詐；狡詐
providential - adj. 眷顧的；幸運的、及時的
vital - adj. 極其重要的、充滿活力的
provocative - adj. 挑釁的、煽動的
univocal - adj. 單義的、意義明確的
devour - v. 狼吞虎嚥地吃、吃光
voracious - adj. 狼吞虎嚥的、貪婪的
ravenous - adj. 狼吞虎嚥的、餓極了
divulge - v. 洩漏、透露、揭露
vulgar - adj. 粗俗的、下流的、粗魯的
alacrity - n. 樂意、敏捷、輕快
anecdote - n. 軼事、趣聞
asseverate - v. 鄭重聲明；斷言
atrophy - n. (器官)萎縮
axiomatic - adj. 公理的、不證自明的
backbite - v. 誹謗、中傷
baroque - adj. 過分雕琢的、高度裝飾的
begrudging - adj. 勉強的、吝惜的
bravado - n. 虛張聲勢
bromidic - adj. 陳腐的
bypass - v. 規避、避開
chic - adj. 高雅時尚的
chimera - n. 希臘神話女怪、幻想、怪物
churlish - adj. 不禮貌的
clear-cut - adj. 明確的、清楚的
commonplace - adj. 司空見慣的事、老生常談
crabby - adj. 脾氣壞的
debilitate - v. 使虛弱、使衰弱
delimit - v. 確定...界線、界定、限定
elegy - n. 輓歌、哀歌
enfeeble - v. 使虛弱、使無力
entail - v. (必然)伴隨著；意味著
fraught - adj. 充滿...的、令人擔憂的、令人憂慮的
histrionic - adj. 矯揉造作的；戲劇的、戲劇化的
hodgepodge - n. 大雜燴
imbue - v. 灌輸、使充滿
knotty - adj. 難解決的、棘手的
meager - adj. 瘦的、粗劣的、不足的
meretricious - adj. 俗氣的、浮華的
modicum - n. 些許
momentous - adj. 重大的、重要的
peevish - adj. 易怒的、乖戾的、壞脾氣的
physiological - adj. 生理的、生理學的
protean - adj. 變化不定的、變化多端的
quandary - adj. 困惑、為難
rapprochement - n. (國家間)友好、和睦
retaliate - v. 報復、回敬
sartorial - adj. 衣服的、男裝的
shading - n. 細微差異 [類] nuance
skittish - adj. 易受驚的、易激動的
slumber - v. 睡、睡眠
staggering - adj. 驚人的
stoicism - n. 斯多葛哲學、禁慾主義
sumptuous - adj. 豪華的、奢華的、奢侈的
valorize - v. 增進價值、給予價值、肯定
woo - v. 求愛、懇求
acerbic - adj. 苦澀的、刻薄的
vehement - adj. 激烈的、發洩的、情緒化的
venal - adj. 貪污的
wane - v. 虧缺、摔落、消失
wanting - adj. 短缺的、不足的
wary - adj. 謹慎的
whimsical - adj. 怪誕的、異想天開的、反覆無常的
wont - adj. 習慣於、慣常於
zealous - adj. 熱情的、狂熱的
zenith - n. 最高點
unkempt - adj. 凌亂的
unscathed - adj. 未受傷的、未受損失的
unwieldly - adj. 難以控制的、複雜的
unwittingly - adv. 不知情地、無意地
upheaval - v. 動亂、劇烈變革
vacant - adj. 空缺的；無表情的
acrimonious - adj. 尖刻的、嚴厲的
acrimony - n. 尖刻，刻薄
acuity - n. 敏銳
acumen - n. 精明
acute - adj. 靈敏的
exactitude - n. 正確性、精確性
exacting - adj. 嚴格的、嚴厲的
agile - adj. 靈敏的、靈活的
prodigal - adj. 非常浪費的、揮霍的
agrarian - adj. 土地的
coalition - n. 同盟、聯合
nostalgia - n. 思鄉病
alienation - n. 疏離、疏遠
inalienable - adj. 不可剝奪的
altruism - n. 利他主義
amity - n. 和睦、親善、(國與國之間)友好關係
enmity - n. 敵意、不合
enamored - adj. 迷戀的
inimical - adj. 有敵意的、不合的
amplify - v. 放大；詳述
ancestry - n. 家系
animosity - n. 憎惡、仇恨
animus - n. 敵意，憎恨
perennial - adj. 終年的、永久的
misanthrope - n. 憤世嫉俗者
philanthropic - adj. 博愛的、仁慈的、慈善的
adaptive - adj. 適應的
adept - adj. 熟練的、內行的
inept - adj. 無能的、不恰當的
aqueous - adj. 水的
patriarchal - adj. 家長的、父權制的
asperity - n. 嚴酷、粗魯
astronomical - adj. 天文學的、龐大的
august - adj. 威嚴的，高貴的，備受尊敬的
auxiliary - adj. 輔助的, 補助的
audacious - adj. 大膽的、無謂的、愚勇的
avid - adj. 熱情的、熱心的
barrage - n. 彈幕；如彈幕般噴發的
barricade - n. 路障、街壘
debase - v. 貶低、貶損
abate - v. 減輕、減少
benefactor - n. 行善者、捐助者
benevolent - adj. 善心的、仁心的
embellish - v. 美化、裝飾
imbibe - v. 飲、喝
吸收，接受（思想，知識等）
blemish - n. 玷污、缺點
boon - n. 好處、利益、恩惠
bounteous - adj. 慷慨的、豐富的
debrief - v. 聽取匯報，向....詢問情況
casualty - n. 傷亡人員、傷亡者
coincide - v. 巧合、一致；同時發生
decadence - n. 衰落，頹廢
callous - adj. 無情的
incendiary - adj. 放火的，縱火的
n. 燃燒彈，縱火犯
incense - n. 香，香味；v. 激怒
accentuate - v. 強調、以重音讀出、加重音符號於
chanty - n. 船歌
recant - v. 改變、放棄(信仰或聲明)
incentive - v. 刺激、鼓勵
recapitulate - v. 扼要重述、概括
capacious - adj. 容量大的、寬敞的
captivate - v. 迷惑、吸引
excavate - v. 挖掘、挖出
concede - v. 承認、讓步
precede - v. 在...之前、早於；開始
unprecedented - adj. 前所未有的
predecessor - n. 前任、前輩、原先的東西
recede - v. 後退、收回；撤退、撤回
successively - adv. 接連地，連續地
celerity - n. 迅速、快速
censorious - adj. 好批評的、好吹毛求疵的
censure - v. 責備、譴責
centrifugal - adj. 離心的
eccentric - adj. 古怪的、反常的
egocentric - adj. 自我中心的
deceive - v. 欺騙
perceptive - adj. 感知的、知覺的、有洞察力的
receptive - adj. 善於接受的、從善如流的
chromatic - adj. 彩色的
monochromatic - adj. 單色的
anachronistic - adj. 時代錯誤的、過時的、時序錯誤的
chronological - adj. 依時間前後排列而記載的
incinerate - v. 焚化、毀棄
reciprocity - n. 相互性，互惠
incipient - adj. 初期的，剛出現的(剛落下)
decipher - v. 解開(謎團)、破譯(密碼)
incite - v. 激勵、激起、煽動
resuscitate - v. 使復活、使甦醒
proclaim - v. 宣告、宣布
reclaim - v. 重新取得
clandestine - adj. 秘密的、暗中的
clannish - adj. 排他的、門戶之見的
disinclination - n. 不願意、不情願
proclivity - n. 傾向
conclusive - adj. 決定性的、確實的、最終的
occlude - v. 使閉塞
seclude - v. 使隔離、使孤立、使隱退、使隱居
cognizance - n. 認知、認定、審理
cosmopolitan - n. 四海為家的人、世界主義者 
adj. 世界性的、全球的
accrue - v. (利息)增大、增多
increment - n. 增加、增值
miscreant - n. 惡棍、歹徒
discreet - adj. 謹慎的、慎重的、考慮周到的
discretionary - adj. 任意的、自由決定的
excrete - v. 排泄、分泌
hypocrite - n. 偽君子、偽善者
hypocrisy - n. 偽善、虛偽
cryptic - adj. 難以理解的、秘密的、隱密的
secrete - v. 分泌、隱藏
culprit - n. 禍端、犯罪者
cult - n. 膜拜、狂熱崇拜、迷信、狂熱者
occult - adj. 難以理解的、奧秘的
encumber - v. 妨害、拖累
incumbent - adj. 負有職責的、義不容辭的
succumb - v. 屈從、因...死亡
cursory - adj. 粗略的、草率的
curtail - v. 縮減、削減
discourse - n. 演講、論述；交談
precursor - n. 先驅、先兆
procure - v. 取得、獲得
accuse - v. 譴責、指責
repercussion - n. 反響、影響(壞）、回聲
encyclopedic - adj. 百科全書的、知識廣博的
cynosure - n. 眾人矚目焦點
disdain - n. 鄙視、輕蔑
indignant - adj. 憤怒的、憤慨的
deleterious - adj. (對身體)有害的、有毒的(要刪除)
demotic - adj. 大眾的、通俗的
endemic - adj. 地方性的、當地的
ambidextrous - adj. 雙手靈巧的、十分靈巧的
dextrous - adj. 靈巧的、熟練的
quotidian - adj. 日常的、平常的
dichotomy - n. 二分法、矛盾、分歧
dilatory - adj. 慢吞吞的，磨蹭的
divergent - adj. 分歧的、相異的；迥然不同的
dubious - adj. 有問題的
duplicity - n. 欺騙行為、奸詐行為
abdicate - v. 正式放棄(權利等)、退(位)、辭(職)
benediction - n. 祝福、祈禱
dictate - v. 口述；命令；決定
indict - v. 控訴、起訴
malediction - n. 詛咒、壞話
predicament - n. 困境、窘境
verdict - n. 判決、決定
didactic - adj. 教誨的、說教的
docile - adj. 馴服的、易駕馭的
doctrinaire - adj. 教條的、迂腐的
doleful - adj. 悲傷的、憂鬱的
dolorous - adj. 憂傷的、悲痛的
indolent - adj. 懶惰的
predominant - adj. 佔優勢的、佔支配地位的
dormant - adj. 休眠的、靜止的
endorse - v. 背書、贊同
dogma - n. 教條、教義
dogmatism - n. 教條主義
valediction - n. 告別演說
heterodox - adj. 異端的、非正統的
paradox - n. 悖論、似是而非的議論
adroit - adj. 靈巧的、熟練的
adduce - v. 引用、舉例
conducive - adj. 有助的、有益的、促成的
deduce - v. 演繹、推斷
exempt - v. 免除、豁免
peremptory - adj. 專橫的、不容反抗的
preempt - v. 先發制人；取代；以先買權取得
adequate - adj. 足夠的；適當的
egalitarian - adj. 主張人人平等的
equable - adj. 穩定的、不變的
equate - v. 認為...相等或相仿
equilibrium - n. 平衡
equitable - adj. 公正的、合理的
equivalent - adj. 相等的、等值的
equivocal - adj. 模稜兩可的、不明確的、不確定的
iniquitous - adj. 極不公正的、邪惡的
errand - n. 差事、差使
errant - adj. 錯誤的、去不正當地方的、遊歷的
erroneous - adj. 不正確的、錯誤的
aesthetic - adj. 美學的、有審美感的
ethos - n. 道德風貌、思潮、信仰
affable - adj. 和藹可親的、容易親近的
facile - adj. 容易做的、膚淺的
factotum - n. 雜工、打雜
factual - adj. 真實的、事實的
efface - v. 擦掉、抹去
facade - n. 建築物的正面、(虛偽的)外表
facetious - adj. 輕浮的、好開玩笑的
preface - n. 序言、緒言、引語
fallacious - adj. 欺騙的、謬誤的
fallibility - n. 易出錯、出錯性
falsification - n. 竄改、編造、偽造
fanatical - adj. 狂熱的、盲信的
fanciful - adj. 幻想的、奇特的
felicific - adj. 產生幸福的、帶來幸福的
infelicity - n. 不幸、不適當
confer - v. 討論、商談、贈與
deference - n. 尊敬
peripheral - adj. 不重要的；外圍的、周邊的、邊緣的
odoriferous - adj. 有味道的、臭的
fervent - adj. 炙熱的、熱情的
confess - v. 公認、承認
profess - v. 公開宣布、聲稱
beneficent - adj. 慈善的、仁愛的、有益的
suffice - v. 足夠、(食物)滿足
confidant - n. 心腹朋友、知己、密友
confide - v. 吐露、透露
perfidious - adj. 不誠實的、背信棄義的
configuration - n. 結構、配置、輪廓
prefigure - v. 預示、預想
affiliation - n. 聯繫、聯合
affinity - n. 喜好、本性、傾向
confine - v. 使侷限、限制
infinite - adj. 無限的、無窮的
finesse - n. 非凡的技巧、技術
fine-tune - v. 微調
affirm - v. 確認、肯定
inflammatory - adj. 令人激動的、煽動的
conflate - v. 合併
deflated - adj. 洩氣的、氣餒的、灰心的
inflate - v. 使充氣、使膨脹
reflective - adj. 反射的、深思熟慮的
afflict - v. 使痛苦，折磨
affliction - n. 折磨、持續不斷的痛苦；災害
inflict - v. 給予(打擊)、使遭受(損傷)
florid - adj. 鮮紅色的、華麗的、氣色好的
affluent - adj. 富裕的、豐富的
fluid - adj. 流體的、流動的、易變的
fixate - v. 注視、使固定、使不便
fortify - v. 加強、增強
frivolous - adj. 輕浮的、草率的、不重要的
suffrage - n. 選舉權、投票權
founder - v. 沉沒、失敗、破滅
profound - adj. 深刻的、深奧的
defuse - v. 卸除引信、緩和緊張
profuse - adj. 很多的、浪費的
refutable - adj. 可駁倒的
refute - v. 反駁、駁斥
genealogy - n. 家譜、宗譜
genesis - n. 創始、起源
genome - n. 基因組、染色體組
genre - n. 文藝作品類型
congenial - (adj. 意氣相投的、性情好
degenerate - v. 惡化、衰退、退化
adj. 衰敗的、墮落的
engender - v. 使產生、引起
genial - adj. 和藹的、親切的、友好的
heterogeneous - adj. 異類的、不同的
homogeneous - adj. 同種的、同質的
indigenous - adj. 土產的、本地的、天生的
ingenious - adj. 聰明的、有發明天才的
disingenuous - adj. 不誠實的、虛偽的
germinate - v. 發芽、發展
ingest - v. 嚥下、吞下
aggrandize - v. 加大、強化
grandiloquence - n. 豪言壯語、誇大之詞
grandiose - adj. 宏偉的、誇大的
gratify - v. 使高興、使滿足
ingrate - n. 忘恩負義的人
ingratiating - adj. 討好的、諂媚的
digressive - adj. 離題的、枝節的
transgress - v. 冒犯、違背
congruent - adj. 適合的、一致的
incongruous - adj. 不協調的、不一致的
demography - n. 人口統計、人口學
harbinger - n. 先兆、通報者
herald - v. 預示、先兆
n. 傳令官
heredity - n. 遺傳、遺傳特徵
herbivorous - adj. 草食性的
adhere - v. 堅持、黏著
exhilarate - v. 使振奮、使高興
hilarious - adj. 極可笑的
abhorrent - adj. 可恨的、討厭的
inhumane - adj. 不近人情的、殘忍的
humble - adj. 卑微的、簡陋的、謙虛的
humdrum - adj. 單調的、過於平凡的、乏味的
humility - n. 謙遜、謙恭
hydrate - n. 水合物；v. 使成水合物
iconoclastic - adj. 偶像破壞的、打破舊習的
ideology - n. 意識形態、思想體系
idolatrize - v. 奉為偶像、盲目崇拜
emulate - v. 效法、模仿
imitative - adj. 模仿的
imitable - adj. 可模仿的
insular - adj. 島嶼的、心胸狹窄的
disintegrate - v. 使破碎、使瓦解、使崩潰
integrity - n. 誠實、正直
circuitous - adj. 迂迴的、繞圈子的
itinerant - adj. 巡迴的、遊歷的
transitional - adj. 轉變的、變遷的
transitory - adj. 短暫的、瞬息的
abject - adj. 可憐的、卑下的
dejected - adj. 沮喪的、失望的
objection - n. 厭惡、反對
objective - adj. 客觀的
judicious - adj. 有判斷力的、明智的
adjunct - n. 附加物、附件、助手
superlative - adj. 最高的、最好的
delinquent - adj. 疏忽職務的
unliterary - adj. 不矯揉做作的
objurgate - v. 申斥、痛罵
justify - v. 證明...是正當的、為...辯護、是...的正當理由
jubilation - n. 歡慶、慶祝活動
juvenile - adj. 少年的、似少年的
rejuvenate - v. 使年輕、使恢復精神
elaboration - n. 詳細的細節、詳盡的闡述
laborious - adj. 費勁的、耗費大量體力的
legitimate - adj. 合法的、正當的
alleviate - v. 減輕、緩和
elevate - v. 舉起、抬起、使上升
leaven - n. 酵母
v. 使有趣活潑
illiberal - adj. 吝嗇的
prolific - adj. 多產的、多結果的
obligatory - adj. 強制性的、義務性的
delineate - v. 描繪、描寫
relinquish - v. 放棄、廢除
eclipse - n. 日蝕、月蝕
v. 使黯然失色
monolithic - adj. 巨石的、巨大的
locus - n. 地點、所在地
colloquial - adj. 口語的、會話的
eloquence - n. 雄辯、口才
loquacious - adj. 多話的、非常健談的
laconic - adj. 簡短的
monolog - n. 獨白、個人長篇演說
prophylactic - adj. 預防疾病的
soliloguy - n. 自言自語、戲劇獨白
long-winded - adj. 冗長的、囉嗦的
elucidate - v. 闡明、說明
lucid - adj. 清楚易懂的、明晰的
lucubration - n. 苦心研究
pellucid - adj. 清晰的、清澈的
lucrative - adj. 賺錢的、有利可圖的
allusive - adj. 暗指的
collude - v. 共謀、串通
delude - v. 欺騙、哄騙
elusive - adj. 逃避的、躲避的；難以表述的、難懂的
disillusioned - adj. 幻想破滅的、醒悟的
illusory - adj. 幻覺的、夢幻似的、迷惑人的
illuminate - v. 闡明、解釋、照亮
luminary - n. 傑出人物、才智出眾的人
preliminary - adj. 預備的、初步的、開始的
illustrative - adj. 解說性的、用作說明的
illustrious - adj. 著名的、顯赫的
lackluster - adj. 無光澤的、呆滯的；無趣的；平庸的
malady - n. 病、疾病
magnitude - n. 重大、廣大
impermanent - adj. 不持久的、暫時的
maneuver - n. (部隊)調動、激動；精巧動作
manipulate - v. (熟練地)操作、運用
manuscript - n. 手寫的、原稿的
mandatory - adj. 命令的、強迫的
reprimand - v. 訓斥、斥責、譴責
mania - n. 瘋狂、狂熱
monomania - n. 偏狂症、狂熱病
demarcate - v. 劃分、劃界
hallmark - n. 特徵；品質證明、保證書
remarkable - adj. 值得注意的、卓越的
remedy - n. 治療、治療法、藥物
mediocre - adj. 平凡的、平庸的
intermediary - n. 仲裁者、中間物
meditate - v. 沈思、深思熟慮、冥想
amenable - adj. 肯順從的、願服從的
demean - v. 貶低、貶損
minatory - adj. 威脅的
self-effacing - adj. 不出風頭的、謙讓的
plainly - adj. 清楚地、明顯地
disinterested - adj. 無私的、公正的
consternation - n. 大為吃驚、驚駭
obviate - v. 排除；消除(困難、危險等)
stagnant - adj. 停滯的、不發展的、不景氣的
insubstantial - adj. 非實體的、薄弱的
stifle - v. 抑止；使窒息
snub - v. 怠慢、冷落
elated - adj. 興高采烈的、得意洋洋
routine - n. 例行公事；adj. 簡單
backwater - n. 死水；停滯不進的狀態或地方
unmistakable - adj. 明白無誤的、清楚的、明顯的
dismissal - v. 解僱、解聘
harbor - n. 港口；v. 藏匿
derision - n. 嘲笑、嘲弄
dampen - v. 弄溼；使消沈；抑制
commend - v. 稱讚、讚賞
backfire - n. 事與願違；失敗
mendacity - n. 虛偽
substantiate - vt. 使實體化、証實
immense - adj. 巨大的、廣大的、無邊無際的
notwithstanding - conj. 儘管；雖然
incommensurate - adj. 不能配合的、不相稱的
outlandish - adj. 異國風格的；古怪的、偏僻的
measured - adj. 精確的、慎重的
incorrigible - adj. 無藥可救的、不能被糾正的
mercenary - adj. 為金錢的、圖利的、貪財的
apocryphal - v. 偽造的、假冒的
symmetry - n. 對稱、均衡
inveterate - adj. 積習已深的
perimeter - n. 周長
imminent - adj. 即將發生的、逼近的
prominent - adj. 凸出的、顯著的、卓越的
preeminent - adj. 卓越的、顯著的
reminisce - v. 追憶、懷舊
reminiscent - adj. 回憶往事的、懷舊的
diminutive - adj. 非常小的、極小的
minuscule - adj. 小寫字的、微小的
dismiss - v. 讓..離開；把..打發走；使...離職
intermittent - adj. 間歇的、時斷時續的
remiss - adj. 疏忽的、不留心的
remission - n. 寬恕、赦免
submission - n. 屈從、歸順、投降
surmise - v. 推測、猜測、臆測
unremitting - adj. 不間斷的、持續的
amnesia - n. 記憶缺失、健忘(症)
mnemonics - n. 記憶法、記憶規則
moderate - adj. 適度的、有節制的；v. 緩和；主持
modulate - v. 調整、控制、緩和
outmoded - adj. 老式的、過時的
admonish - v. 告誡、警告
demonstrative - adj. 證明性的、喜怒形於色的
demonstrable - adj. 可證明的、顯而易見的
remonstrance - n. 抗議、進諫、告誡
demoralize - v. 使士氣低落
morph - v. 使變形
metamorphose - v. 使變形、使變質
remorse - n. 懊悔、悔恨
morbid - adj. 病態的、不健康的
mortify - v. 使感屈辱、使失面子、使羞愧
locomotive - adj. 移動的
immune - adj. 免疫的；免除的
municipality - n. 自治市、市政當局
murky - adj. 黑暗的、陰鬱的
mutable - adj. 善變的、易變的
mute - adj. 沉默的、一時說不出話的
transmute - v. 使變形、使變化
demystify - v. 弄清楚
innate - adj. 與生俱來的、天生的、固有的
neonate - n. 嬰兒
abnegate - v. 否認、放棄
neutral - adj. 中立的、中立國的
innocence - n. 無辜、清白
noisome - adj. 令人討厭的、惡臭的
normative - adj. 標準的；規範的；合乎規範的、按規定準則的
ignominious - adj. 可恥的、恥辱的
misnomer - n. 人名誤載、寫錯姓名
nominal - adj. 名義上的、有名無實的
nostrum - n. 家傳秘方、江湖藥、萬靈丹
connotation - n. 含蓄、言外之意
notch - n. 刻痕、槽口、凹口
notoriety - n. 惡名昭彰、聲名狼藉
heed - v. 關注、注意、考慮
hectic - adj. 忙碌的
hunch - n. 直覺、預感
impromptu - adv. 事先無準備地、即席地
intrinsic - adj. 固有的、內在的、本質的
jejune - adj. 枯燥無味的
languish - v. 變得衰弱、漸漸衰退、悶悶不樂
lull - v. 使入睡、暫停
mar - v. 污點、損傷；玷污
mawkish - adj. 過度感傷的、多愁善感的
denounce - v. 指責、譴責
novelty - n. 新奇、新奇的事物
innovative - adj. 創新的
novice - n. 新手、初學者
anneal - v. 使退火
nullify - v. 使無效、廢棄、取消
anonymity - n. 匿名、作者不詳
pseudonym - n. 假名、筆名
myopia - n. 目光短淺的、缺乏遠見的、近視
optimistic - adj. 樂觀的
oracle - n. 神使、傳神諭者
oracular - adj. 神諭的、玄妙的、晦澀的
oration - n. 演說、演講
foreordain - v. 預先注定
flabbergast - v. 使大吃一驚
deplete - v. 用盡、使減少
plethora - n. 過量、過剩
replete - adj. 充滿的、裝滿的
envision - v. 想像、預想
invidious - adj. 招致不滿的、惹人不快的
vista - n. 遠景、展望
staleness - n. 陳腐
adversity - n. 逆境、不幸
impulsive - adj. 衝動的、易衝動的
estimable - adj. 值得尊敬的；可估計的
hackneyed - adj. 陳腐的、陳腔濫調的
agenda - n. 意圖、動機
gripping - adj. 刺激的、吸引人的
overblown - adj. 誇張的；過分的
apocalypse - n. 啟示、天啟
rhetoric - n. (誇張的)言辭、修辭
couch - v. 以...方式說、以...方式表達
pugnacious - adj. 愛爭吵的、愛鬥爭的、好鬥的
cacophony - n. 雜音、不和諧音
phony - adj. 假的、欺騙的
awry - adj. 偏差的、走樣的
partisanship - n. 黨派性；黨派偏見
valiant - adj. 勇敢的、英勇的
brook - v. 忍受
conform - v. 使一致、遵守、符合
flummox - v. 使困惑
hearten - v. 鼓勵、激勵
cosseted - adj. 寵愛的
craven - adj. 懦弱的、畏縮的；n. 懦夫
intrude - v. 強加於、闖入
obstrusive - adj. 唐突的、冒昧的
manifest - adj. 明顯的、顯而易見的
petty - adj. 瑣碎的
spiteful - adj. 惡意的、居心叵測的
pedestrian - adj. 徒步的、缺乏想像的
qualify - v. 使有資格、限制；限縮主張
hedge - v. 迴避
extenuate - v. 掩飾、減輕罪過
turbid - adj. 混濁的、不清的
turbulent - adj. 導致動亂的、騷亂的
inveterate - adj. 積習已深的
seminal - adj. 開創性的、種子的、有發展性的
perpetuate - v. 使延續、使永續
censor - v./n. 審查、檢查
hazardous - adj. 危險的、有害的
dispatch - v. 派遣、發送、迅速
tact - n. 機智、圓滑
tactless - adj. 不乖巧的、不圓通的、不明智的
contiguous - adj. 接壤的、接近的
intangible - adj. 觸摸不到的、無形的、無實體的
tangential - adj. 切線的、離題的
hew - v. 砍伐；遵守
rant - v./n. 咆哮、激昂地說
inferable from - 衍生自entailed by
testimony - n. 證詞、見證
devolve - v. 被轉移、移交
revolt - v. 叛亂、造反、反感
inopportune - adj. 不合時宜的、不適當
ordinance - n. 法令、條例
inordinate - adj. 過度的、過分的
insubordinate - adj. 不服從的、違抗的
appall - adj. 使驚駭、使恐怖
paltry - adj. 不足取的、瑣碎的、沒有價值的
apparel - n. (精緻的)衣服
apparition - n. 幽靈、亡靈、幻影、特意景象
disparage - v. 貶抑、輕蔑
transparent - adj. 透明的、清澈的
parity - n. 同等、類似、相同
counterpart - n. 相對應的人或物
impartial - adj. 公平的、無私的
partial - adj. 局部的、偏袒的
particulate - adj. 微粒的 n. 微粒
partisan - n. 黨派支持者、黨徒；盲目支持者
impasse - n. 僵局、死路
antipathy - n. 反感、厭惡
dispassionate - adj. 不被感情所動的、冷靜的
empathy - n. 同理
passivity - n. 被動、消極
pathos - n. 激起憐憫(或同情等)的因素、感傷力
patriot - n. 愛國者、愛國主義者
impeccable - adj. 無懈可擊的、無缺點的
peccadillo - n. 輕罪、小過、小瑕疵
expedient - adj. 方便的、權宜的
impede - v. 妨礙、阻礙、阻止
compelling - adj. 令人注目的、極端吸引人的；強制的；強而有力的
impel - v. 推動、推進
propel - V. 推進、推
penchant - n. 愛好、嗜好
dispense - v. 施予、分配、免除(+with)
dispensable - adj. 不是必要的、可有可無的
personification - n. 典型、化身、完美榜樣
impetuous - adj. 性急的、魯莽的、衝動的
impetus - n. 推動力、刺激
ephemeral - adj. 朝生暮死的、生命短暫的
euphemism - n. 委婉的說法
phobia - n. 恐懼症、懼怕
aphorism - n. 格言、警句、箴言
boorish - adj. 粗野的、粗魯的
cede - v. 割讓、放棄
dismantle - v. 拆卸、拆開；解散
unflappable - adj. 不易驚慌的、鎮定的
contempt - v. 輕視、蔑視
commiserate - v. 憐憫、同情
gloat - v. 洋洋得意
promulgate - v. 散佈、宣揚
inattentive - adj. 不注意的、怠慢的、疏忽的
flustered - adj. 激動不安的、慌張的
retrograde - adj. 逆行的
belabor - v. 過分冗長地做或說；痛打
imposing - adj. 壯麗的、宏偉的
sublime - aj. 卓越的、出色的、極美的
beleaguer - v. 圍攻、使煩惱
beget - v. 產生、引起
upend - v. 顛倒；倒放
aversion - n. 厭惡、反感
analogous - adj. 可類比的、類似的
insofar as - phr. 因為
conceited - adj. 自負的、自傲的
mystification - n. 神秘、不可思議
ebullient - adj. 熱情的；興高采烈的
deviant - adj. 越軌的、超出常規的
introspect - v. 內省、反省
circumscribe - v. 限制
prescription - n. 命令、指示、規定、法規
transcribe - v. 抄寫、謄寫
proscriptive - adj. 限制的、禁止的、規定的
salutary - adj. 有益的、有益健康的
fallacy - n. 謬誤、謬論
futility - n. 無用、無益
be subject to - phr. 易...遭受；易受影響的
salient - adj. 顯著的、突出的
desultory - adj. 無計劃的、無目的的、不連貫的、散漫的
assail - v. 抨擊、猛攻
hindsight - n. 後見之明
nondescript - adj. 沒有特徵的、平凡的
desolate - adj. 荒涼的、無人煙的
disconsolate - adj. 悶悶不樂的、鬱鬱寡歡的
deficit - n. 赤字
bristle - n. 鬃毛；v. 發怒
ubiquitous - adj. 無所不在的
imprudent - adj. 不謹慎的、輕率的、魯莽的
impudent - adj. 魯莽的、無禮的
exotic - adj. 異國的
primal - adj. 最初的、原始的
primitive - adj. 原始的、遠古的、基本的
pristine - adj. 原始的、清新的、純樸的
obtrusive - adj. 唐突的、冒昧的
laughable - adj. 可笑的、荒唐的
squelch - v. 壓制、鎮壓
foment - v. 煽動、助長（壞事）
fixation - n. 著迷；固定
eulogize - v. 稱讚、頌揚
forsake - v. 拋棄、放棄
imperceptible - adj. 察覺不出的、感覺不到的
habituate - v. 使習慣於
deploy - v. 部署
undeterred - adj. 未受阻的、無法恐嚇的
rife - adj. 充斥著的、大量的(+with)
assemble - V. 集合、聚集、裝配
resemble - v. 與...相似、像
truncated - adj. 縮短的、截形的
meander - v. 迂迴曲折、閒晃、漫步
maverick - n. 特立獨行者；意見不同者
malefactor - n. 罪犯、作惡者
paragon - n. 模範、典範
old-timer - n. 老前輩、老手
unassuming - adj. 謙遜的、不裝腔作勢的
self-deprecating - adj. 自貶的、自謙的
vindictive - adj. 有復仇心的、報復的
comprehensive - adj. 全面的、綜合的
misapprehend - v. 誤會、誤解
sleazy - adj. 齷齪的、卑鄙的
disruptive - adj. 破壞性的；分裂的
haughty - adj. 高傲的、自大的
skinflint - n. 吝嗇鬼
malinger - v. 裝病以逃避職責
ad hoc - adj. 臨時的、特別安排的
fanfare - n. 誇耀的遊行、嘹亮的喇叭聲
unconscionable - adj. 無節制的、過度的、非常糟的
coup - n. 政變
tribute - n. 進貢、貢物、貢金
photosensitive - adj. 感光的
neophyte - n. 新手、新信徒、新入修道院者
piety - n. 孝順、孝敬、虔誠
depict - v. 描繪、描畫
picturesque - adj. 圖畫般的、美麗的
complacent - adj. 滿足的、自滿的
complaisant - adj. 彬彬有禮的、殷勤的、柔順的
placebo - n. 安慰劑、寬心丸
implausible - adj. 難以置信的、不像真實的
laudatory - adj. 表示讚美的
plausible - adj. 貌似真實的，貌似有理的
plenitude - n. 充分、完全；大量
complementary - adj. 補充的、補足的
duplicate - adj. 完全一樣的、複製的、副本的
duplicitous - adj. 搞兩面派的、奸詐的、欺騙的
explicable - adj. 可解釋的、可辨明的
explicit - adj. 詳盡的、清楚的、明確的
inexplicable - adj. 無法說明的、難以理解的、莫名其妙的
replicate - v. 摺疊、複製
deplorable - adj. 應受譴責的；悲慘的
impolitic - adj. 不明智的
politic - adj. 明智的、精明的、慎重的
ponder - v. 仔細考慮、衡量
preponderate - v. 壓倒、超過
apposite - adj. 適當的、貼切的；相關的
imposter - n. 冒充者、騙子
posit - v. 假定、假設；斷定、認為
repository - n. 容器、儲藏處、寶庫
despotic - adj. 暴君的、暴虐的、專橫的
deprave - v. 使墮落、使惡化
precarious - adj. 不穩的、危險的
repress - v. 壓抑、抑制、鎮壓
suppress - v. 鎮壓、抑制
unimpressed - adj. 沒有印象的
primacy - n. 卓越、第一位
privy - adj. 個人的、私人的
approbation - n. 稱讚、認可、批准
reproof - n. 責斥、責備
reprove - n. 告誡、好言相勸
propagate - v. 繁殖、傳播、宣傳
pilferage - n. 偷竊
malapropism - n. 文字誤用
prosaic - adj. 乏味的、散文的；平淡的
prose - n. 散文、散文體
approximate - adj. 大約的、估計的
proximity - n. 鄰近、接近
compulsory - adj. 強制性的、命令性的
impulse - n. 衝動、刺激
puncture - n. 刺穿、刺破
purify - v. 使純潔、淨化
acquiesce - v. 勉強同意、默許
quiescent - adj. 靜止的、沉默的
tranquil - adj. 平靜的、安靜地、安寧的
abrasive - adj. 有研磨作用的、有磨蝕作用的
irascible - adj. 易怒的、暴躁的
regimental - adj. 團的、團隊的
rein - n. 駕馭、控制、統治
sovereign - n. 最高統治者、元首
rigid - adj. 嚴格的、剛硬的；死板的
rigor - n. 嚴格、嚴苛、精確
rigorous - adj. 嚴格的、嚴峻的
derivative - adj. 非原創的、衍生的
corroborate - v. 證實、確證
robust - adj. 強健的、茁壯的、健全的
torment - n. 折磨、痛苦
entreat - v. 懇求、乞求
treatise - n. 論文、專著
attune - v. 使調和
virulence - n. 劇毒、毒性
aplomb - n. 沉著
anoint - v. 拔擢
aghast - adj. 嚇呆的、驚駭的
bashful - adj. 害羞的、羞怯的
bourgeois - n. 中產階級的人、庸俗的人
relish - n. 滋味 v. 享受、喜歡
choreographed - adj. 安排好的
rattle - v. 困擾
demolish - v. 破壞；拆除
manifesto - n. 宣言、聲明
initiative - n. 行動、主導權
undertaking - n. 事務、工作；承諾
cook up - phr. 編造；捏造
productive - v. 有成效的
impotence - n. 無能
enterprising - adj. 有進取心的、有事業心的
resourceful - adj. 資源豐富的；富於機智的；有策略的
exuberant - adj. 熱情的、豐富的、繁茂的
temperate - adj. (氣候)溫和的、(飲食)適度的
avow - v. 坦率承認、公開表示
revile - v. 辱罵、謾罵、痛斥
liability - n. 責任、義務；負債、劣勢
opprobrious - adj. (言語)辱駡的；可恥的
truculent - adj. 好鬥的、殘酷的
intrigue - v. 密謀、引起極大興趣
intricate - adj. 複雜難懂的；精緻精細的
daunting - adj. 艱鉅的、艱困的；令人氣餒的；令人畏懼的
jettison - v. 拋棄
shrewd - adj. 善於判斷的、精明的、敏銳的
cronyism - n. 任用親信、用人唯親
resent - v. 憎惡、憎恨
vacillate - v. 猶豫不決
fungible - adj. 可取代的、可互換的
integral - adj. 必須的、完整的
caviling - adj. 吹毛求疵的、挑剔的
supersede - v. 淘汰、取代
testament - n. 遺囑、證明
sedulous - adj. 勤勉的
sedative - n. 鎮靜劑；adj. 使安靜的、鎮靜的
brackish - adj. 有鹽味的、可厭的
dispose - v. 處理、配置
infeasible - adj. 不可實行的、行不通的
evocative - adj. 喚起的、激起的
edify - v. 教化、訓誨
chagrin - n. 失望、懊惱
hubris - n. 傲慢、自大、目中無人
lingering - adj. 存留的、持續的
emulsify - v. 使乳化
petrify - v. 石化、嚇呆
disabuse - v. 糾正
informative - adj. 提供資訊的；見識廣博的、有益處的
expansive - adj. 易膨脹的、易擴張的、廣闊的
scintillating - adj. 閃爍的、才華洋溢的
balk - n. 障礙; v. 妨礙、畏縮不前
recast - v. 重做、重新鑄造
impregnable - adj. 無破綻的、堅不可破的
civility - n. 禮貌
pertinacity - n. 執拗；頑固
covert - adj. 隱蔽的、秘密的
derogate - v. 貶低、誹謗
interrogate - v. 訓問、審訊
sate - v. 使心滿意足、使厭膩
satiate - v. 使飽足
sagacious - adj. 睿智的、聰敏的
escalate - v. 升級、擴大、上升
prescient - adj. 有先見的、預知的
inscription - n. 題字、銘刻
subscribe - v. 捐助、訂購
scrutinize - v. 詳細檢查、細讀
sectarianism - n. 宗派主義
inconsequential - adj. 不重要的、微不足道的
sequacious - adj. 順從的、缺乏獨創性的
dissent - v. 不同意、持異議
sentiment - n. 多愁善感
assert - v. 斷言、主張
conservative - adj. 保守的、守舊的
servile - adj. 奴性的、百依百順的
subservient - adj. 奉承的、卑屈的、充當下手的
undeserved - adj. 不應得的
dissident - n. 異議者、持不同意見者、唱反調者
consign - v. 打發、棄置；交付、托運
dissimulate - v. 隱藏、掩飾
simultaneous - adj. 同時發生的、同時存在的
consistent - adj. 始終如一的、前後一致的
insolent - adj. 粗魯無禮的、傲慢的
obsolescent - adj. 逐漸被廢棄的、即將過時的
absolve - v. 赦免、免除(責任、義務)
consonant - adj. 調和的、一致的
solitude - n. 孤獨、寂寞、隱居
dissonant - adj. 不和諧的、不一致的
sonorous - adj. 響亮的、洪亮的
philosophic - adj. 哲學的、哲學家的
sophistication - n. 老於世故、有教養
sophistry - n. 詭辯、謬論
introspective - (adj.內省的、反思的、自省的
prospect - n. 勘探、前景、前途
respite - n. 暫緩、暫停、暫時休息
sparse - adj. 稀少的、稀疏的
awe-inspiring - adj. 令人起敬畏心的、令人驚嘆的
conspiracy - n. 陰謀、共謀
resplendent - adj. 華麗的、輝煌的
extant - adj. 現存的、尚存的
static - adj. 靜止的、呆板的
stanch - v. 止住、使傷口止血
stint - v. 節省、吝嗇
restrain - v. 克制、抑制
hamstring - v. 使難有作為、使殘廢
outstrip - v. 超過、跑過
catastrophe - n. 突如其來的大災難
instructive - adj. 有教育意義的、有啟發性的
consummate - adj. 完全的、完善的
presume - v. 相信、推測、自作主張、放肆
assure - v. 向某人保證、使確信
reassure - v. 使恢復信心、使確信
resurge - v. 再起、復活、復甦
abstentious - adj. 禁慾的、有節制的
abstemious - adj. 有節制的、節儉的
abstinent - adj. 飲食有度的、有節制的
pertinent - adj. 有關的、相關的
tenable - adj. 站得住腳的、經得起批判的
virtual - adj. 幾乎的、虛擬的
standstill - n. 停滯
convection - n. 傳遞、傳送、熱對流
candor - n. 坦白、直率
tantalize - v. 引逗、使著迷
estrange - v. 使疏遠、使感情失和
vitality - n. 活力、生命力
unmediated - adj. 無中介、無交集
flush - v. 臉紅；平行、無交集
tedium - n. 無趣
shattering - adj. 震憾的
contrite - adj. 悔罪的、痛悔的
torpor - n. 麻木、無精打采、遲鈍
quell - v. 鎮壓、平息、消除
indebted - adj. 受惠的；感激的
vainglorious - adj. 非常自負的、虛榮心強的
monotonous - adj. 單調的、無聊的
vanquish - v. 征服、克服
intractable - adj. 倔強的、難管的
suspend - v. 暫停；懸掛
rebuff - v. 回絕、斷然拒絕
glut - v./n. 過多、過剩
requiem - n. 安魂曲
prevaricate - v. 支吾其詞、說謊
proselytize - v. 改變信仰、變節
posterity - n. 後世子孫
tepid - adj. 不熱情的、微弱的
irrevocable - adj. 不可撤回的、不可取消的
abashed - adj. 羞愧的
imperial - adj. 帝王的、至尊的
spare - adj. 多餘的；空閒的
delusive - adj. 錯誤的、虛假的
sketchy - adj. 粗略的、不完全的
fancy - v. 想像
n. 喜好；想像；幻想
adj. 精緻的；昂貴的
tonic - adj. 使人精神振奮的、滋補的
vitriol - n. 辛辣的批評、尖酸刻薄
perspicacious - adj. 有穎悟力的、有洞察力的
free-for-all - n. 混戰；混亂
acquittal - n. 宣告無罪、無罪開釋
stoop - v. 彎腰、俯身；屈尊
vicissitude - n. 變遷、興衰
redolent - adj. 芬芳的, 令人想起...的
appeal - v. 訴諸於(+to）；呼籲、懇求
counterproductive - adj. 妨礙達成目標的
enduring - adj. 持久的、不朽的
impalpable - adj. 無法觸及的；不易理解的
unalloyed - adj. 非合金的、純粹的
untenable - adj. 難以防守的、不能防守的
detect - v. 洞察、查明
detection - n. 查出、探獲
distend - v. (使)膨脹、脹大
portend - v. 預示、預先警告
portentous - adj. 預視未來的；凶兆的、徵兆不祥的
exterminate - v. 消滅、滅絕
timorous - adj. 膽小的、膽怯的
distortion - n. 扭曲、曲解
intoxicate - v. 使沉醉、使欣喜若狂、使喝醉
transience - n. 頃刻、無常、稍縱即逝
protract - v. 延長、拖長
tractable - adj. 溫順的、易於駕駛的 [類]docile
tremulous - adj. 震顫的、顫抖的
pay tribute to - phr. 表示敬意
archetypal - adj. 典型的
typify - n. 代表、象徵
adumbrate - v. 預示、遮蔽
umbrage - n. 不快、憤怒
abuse - v. 濫用、妄用、辱罵
pervasive - adj. 瀰漫的、遍佈的
pervade - v. 彌漫、普及
evasive - adj. 迴避的、逃避的
evade - v. 逃避、規避
ambivalent - adj. 矛盾的
aver - v. 極力聲明、斷言、確證
adversary - n. 敵手、對手
convert - v. 轉變、使改變信仰
invert - v. 使上下顛倒、使前後倒置
perverse - adj. 走上邪路的、墮落的、邪惡的
viable - adj. 可行的、能活下去的
nonviable - adj. 不可行的；無法生存的
reverberant - adj. 回響的、迴盪的
conviction - n. 判罪、堅信
beguile - v. 欺騙、哄騙
intelligible - adj. 可理解的
muddle - v. 混合、使慌亂
profusion - n. 大量、豐富
virtue - n. 美德、優點、潛能
improvise - v. 即興創作、即興表演
provisional - adj. 臨時的、暫時性的
revise - v. 修訂、校訂
vital - adj. 極其重要的、充滿活力的
vivacious - adj. 活潑的、快活的
vociferous - adj. 大聲的、激昂的
volatile - adj. 反覆無常的、揮發性的
convoluted - adj. 費解的、旋繞的
voluble - adj. 健談的、口若懸河的
welter - n. 雜亂無章
carnivorous - adj. 肉食性的
abeyance - v. 暫停、中止
abreast - adv. 並肩的、並排的
absorbing - adj. 有趣的、引人入勝的
abysmal - adj. 糟透的、深不可測的
adolescent - adj. 青春期的、青少年
adulation - n. 諂媚、奉承
allure - v. 誘惑、引誘
aloof - adj. 冷淡的、疏遠的
amalgam - n. 混合物
arcane - adj. 秘密的、深奧難懂的
archaic - adj. 古老的、古體的、過時的
arduous - adj. 費力的、艱難的
astute - adj. 敏銳的、精明的
at odds - phr. 不同於、不一致；對立的；意見不同的
atrocity - n. 殘暴、暴行
avarice - n. 貪得無厭、貪婪
barren - adj. 貧瘠的
bearing - n. 關係、舉止、風度
befuddle - v. 使昏迷、使困惑
bespeak - v. 證明、表示
blunder - v.犯大錯；n. 愚蠢的大錯
brandish - v. 揮舞(武器)、展示
brazen - adj. 厚顏無恥的
bucolic - adj. 鄉村的、田園風味的
burgeoning - adj. 生機勃勃的、迅速發展的
byline - n./v. 報章雜誌標題下署名
cache - n. 儲存處、儲存
cajole - v. 勾引、誘騙
calamity - n. 災難、禍患
calumnious - adj. 誹謗的、中傷的
camouflage - n. 偽裝、掩飾
canned - adj. 千篇一律的
caricature - v. 誇張扭曲 n. 諷刺漫畫
caterwaul - v. 嚎叫、尖叫；大聲抗議；大聲嚷嚷；貓叫春
cerebral - adj. 大腦的、智力的
cliquish - adj. 小集團的
coddle - v. 溺愛、悉心照料
colossal - adj. 巨大的、龐大的
conceivable - adj. 可想到的、可想像的
debacle - n. 潰敗、慘敗
debut - n. 初次登台
decry - v. 責難、誹謗
dense - adj. 稠密的、愚蠢的、難懂的
derelict - adj. 拋棄的、破舊的、棄置的
descry - v. 看見、辨認出
deterioration - n. 惡化、變壞
dire - adj. 非常可怕的、極其嚴重的、悲慘的
discontinuity - n. 不連續性、不一致
disproportionate - adj. 不成比例的、不相稱的
distill - n. 蒸餾、以蒸餾法提取
doldrums - n. 無精打采、憂鬱期、經濟蕭條
drollness - adj. 滑稽的
empiricism - n. 經驗主義、經驗論
exemplify - v. 是...的典型；作為...的例子
extirpate - v. 消滅、根除
extraneous - adj. 多餘的、無直接關係的
fecund - adj. 肥沃的、豐饒的
ferocity - n. 兇猛、激烈
fitfully - adj. 斷續的、不規則的
flagged - adj. 衰弱的
flair - n. 天賦、才華
flaunt - v. 誇耀、炫耀
flippant - adj. 輕率的、輕浮的、無禮的
fluctuate - v. 波動、變動；動搖
flummery - n. 假恭維、胡說
foil - n. 阻饒、挫敗、使受挫折
forebode - v. 預兆、預感
forgo - v. 放棄、拋棄
forthright - adj. 直接的
gainsay - v. 否認、反駁
glean - v. 慢慢搜集、找尋
glut - v./n. 過多、過量
halfhearted - adj. 敷衍的、不認真的
haunt - v. 纏擾、煩憂、鬧鬼
hauteur - n. 自負、傲慢
hedonistic - adj. 享樂主義的
heyday - n. 全盛時期
hitherto - adj. 到目前為止、迄今、至今
hone - n.磨刀石；v. 磨練、修飾
honorific - adj. 榮譽的、表示尊敬的
indigent - adj. 貧窮的、貧困的
inhibit - v. 約束、抑制、壓抑
interplay - n. 交互作用、相互影響
inure - v. 使習慣於、使適應於
invective - adj. 謾罵的
inveigle - v. 哄騙、誘騙
limpid - adj. 清澈的、透明的
overwrought - adj. 過度緊張的、過度激動的
puerile - adj. 幼稚的、孩子氣的、未成熟的、天真的
poignant - adj. 味道濃烈的、令人傷心的、令人充滿同情的
prickly - adj.易怒的
prodigy - n. 神童
rail at - phr. 抱怨
reconnaissance - n. 勘查、偵查、事先考察
scourge - n. 鞭打、嚴逞、嚴斥
rumination - n. 反芻、反思
sardonic - adj. 嘲諷的
shirk - n. 逃避
skulduggery - n. 欺騙、詐欺
slake - v. 平息、使滿足
slapdash - adj. 草率的、倉促的
slur - v. 誹謗、中傷
squander - v. 揮霍、浪費
taxing - adj. 負擔沉重的
trifling - adj. 不重要的、微不足道的
trite - adj. 陳腐的
trivial - adj. 瑣碎的、微不足道的
ungainly - adj. 笨拙的
motley - adj. 雜色的、五顏六色的
nadir - n. 最低點
naysayer - n. 反對者、唱反調的人
numinous - adj. 神秘的、神聖的
obeisance - n. 尊重、敬禮
oscillate - v. 擺動、搖擺
oust - v. 驅逐
outgrowth - 艘長出；自然結果、產物、副產品
perquisite - n. 額外補貼、臨時津貼
jeopardize - v. 危及
layperson - n. 門外漢、外行
nebulous - adj. 不清楚的、模糊的
permeate - v. 滲入、通過
pigeonhole - n. 鴿舍出入口、分類
plastic - adj. 可塑的、易受影響的
prerequisite - adj. 不可或缺的、事先需要的
quarrel - n. 爭吵、分歧
rancor - n. 仇恨、激烈的憎惡
ridge - n. 屋脊、山脊
sarcastic - adj. 諷刺的、挖苦的
scintillate - v. 閃爍；才智煥發
shackle - v. 束縛 n. 腳鐐
shun - v. 避開、躲開
sift - v. 篩、過濾
sound - adj. 健全的、完好的；合理的
spontaneous - adj. 自發的、自主的、自然的
supplement - n. 補充、增加
exhaustive - adj. 詳盡的、徹底的、全面的
anthropogenic - adj. 由人類造成的